{"cameraMode":{"drawMode":0,"name":"Shaded","section":"Shading Mode"},"sceneLighting":true,"audioPlay":false,"sceneViewState":{"showFog":true,"showMaterialUpdate":false,"showSkybox":true,"showFlares":true,"showImageEffects":true,"showParticleSystems":true},"in2DMode":false,"pivot":{"x":-0.6675704717636108,"y":0.5250449180603027,"z":7.688987731933594},"rotation":{"x":0.6165522933006287,"y":0.09267305582761765,"z":-0.0734052062034607,"w":0.7783873081207275},"size":4.484984397888184,"orthographic":false}